{
  "polarity": "ON",
  "tau": 0.0010843732801766315,
  "gain": 1.806585304750032,
  "bias": -4.999999927973838,
  "train_corr": 0.0016546073807135533
}